Player, attempts, completed passes, yards passed,touch downs passed, interceptions thrown, Rating, Prediction
Aaron Rodgers,123,89,995,11,0,125.89769647696478,Great
Andy Dalton,116,78,1187,9,1,123.02442528735631,Great
Tom Brady,133,96,1112,9,0,119.62719298245614,Great
Ben Roethlisberger,89,67,912,4,2,113.1320224719101,Great
Marcus Mariota,96,61,833,8,2,110.28645833333334,Great
Brandon Weeden,59,45,551,2,1,108.79237288135594,Great
Carson Palmer,134,85,1155,10,3,106.40547263681593,Great
Philip Rivers,140,99,1248,8,4,105.29761904761905,Great
Tyrod Taylor,120,86,988,8,4,104.44444444444443,Great
Matt Ryan,143,96,1202,6,2,101.20920745920745,Great
Russell Wilson,127,91,979,5,2,100.47572178477691,Great
Tony Romo,72,54,551,3,2,98.78472222222221,Great
Josh McCown,98,65,746,4,1,98.42687074829932,Great
Derek Carr,123,77,922,7,2,97.67953929539294,Great
Brian Hoyer,95,59,780,5,2,96.8201754385965,Great
Nick Foles,111,70,815,5,1,96.49024024024024,Great
Eli Manning,143,90,976,7,1,96.37237762237763,Great
Matt Hasselbeck,76,48,495,3,0,95.0109649122807,Great
Drew Brees,127,87,969,4,2,94.89829396325459,Good
Alex Smith,143,93,1110,4,3,89.20454545454545,Mediocre
Cam Newton,121,67,809,7,2,88.48140495867769,Mediocre
Teddy Bridgewater,115,77,774,2,2,84.47463768115941,Bad
Kirk Cousins,153,105,1005,4,4,84.46350762527231,Bad
Jay Cutler,88,54,626,4,3,83.8068181818182,Bad
Sam Bradford,145,88,948,6,4,82.19827586206897,Bad
Peyton Manning,154,98,968,6,5,80.762987012987,Bad
Joe Flacco,159,102,1052,5,5,80.49004192872117,Bad
Matthew Stafford,163,106,1017,5,5,79.71625766871165,Bad
Blake Bortles,156,85,996,6,3,78.89957264957265,Bad
Ryan Fitzpatrick,145,88,924,7,6,78.0603448275862,Bad
Ryan Tannehill,171,97,1080,7,5,77.13206627680313,Bad
Jameis Winston,133,73,965,6,7,71.16228070175438,Bad
Colin Kaepernick,116,72,727,2,5,67.70833333333334,Bad
Andrew Luck,116,65,753,5,7,65.05028735632185,Bad
Ryan Mallett,147,78,770,3,4,63.59126984126985,Bad
